[{"model": "admin.logentry", "pk": 123, "fields": {"action_time": "2022-08-10T20:42:13.134Z", "user": 2, "content_type": 4, "object_id": "1", "object_repr": "supercormac", "action_flag": 3, "change_message": ""}}, {"model": "admin.logentry", "pk": 124, "fields": {"action_time": "2022-08-11T01:48:50.742Z", "user": 2, "content_type": 19, "object_id": "2", "object_repr": "None raffle entry", "action_flag": 3, "change_message": ""}}, {"model": "admin.logentry", "pk": 125, "fields": {"action_time": "2022-08-11T01:48:50.744Z", "user": 2, "content_type": 19, "object_id": "1", "object_repr": "None raffle entry", "action_flag": 3, "change_message": ""}}, {"model": "admin.logentry", "pk": 126, "fields": {"action_time": "2022-08-17T12:11:15.327Z", "user": 2, "content_type": 19, "object_id": "3", "object_repr": "None raffle entry", "action_flag": 3, "change_message": ""}}, {"model": "admin.logentry", "pk": 127, "fields": {"action_time": "2022-08-17T14:21:23.316Z", "user": 2, "content_type": 19, "object_id": "4", "object_repr": "None raffle entry", "action_flag": 3, "change_message": ""}}, {"model": "admin.logentry", "pk": 128, "fields": {"action_time": "2022-08-17T14:21:23.318Z", "user": 2, "content_type": 19, "object_id": "3", "object_repr": "None raffle entry", "action_flag": 3, "change_message": ""}}, {"model": "admin.logentry", "pk": 129, "fields": {"action_time": "2022-08-17T14:21:23.319Z", "user": 2, "content_type": 19, "object_id": "2", "object_repr": "None raffle entry", "action_flag": 3, "change_message": ""}}, {"model": "admin.logentry", "pk": 130, "fields": {"action_time": "2022-08-17T14:21:23.323Z", "user": 2, "content_type": 19, "object_id": "1", "object_repr": "None raffle entry", "action_flag": 3, "change_message": ""}}, {"model": "admin.logentry", "pk": 131, "fields": {"action_time": "2022-08-17T14:40:27.603Z", "user": 2, "content_type": 19, "object_id": "5", "object_repr": "None raffle entry", "action_flag": 3, "change_message": ""}}, {"model": "admin.logentry", "pk": 132, "fields": {"action_time": "2022-08-17T15:00:51.553Z", "user": 2, "content_type": 19, "object_id": "8", "object_repr": "None raffle entry", "action_flag": 3, "change_message": ""}}, {"model": "admin.logentry", "pk": 133, "fields": {"action_time": "2022-08-17T15:00:51.557Z", "user": 2, "content_type": 19, "object_id": "7", "object_repr": "None raffle entry", "action_flag": 3, "change_message": ""}}, {"model": "admin.logentry", "pk": 134, "fields": {"action_time": "2022-08-17T15:00:51.560Z", "user": 2, "content_type": 19, "object_id": "6", "object_repr": "None raffle entry", "action_flag": 3, "change_message": ""}}, {"model": "admin.logentry", "pk": 135, "fields": {"action_time": "2022-08-18T14:41:31.173Z", "user": 2, "content_type": 19, "object_id": "11", "object_repr": "superuser raffle entry", "action_flag": 3, "change_message": ""}}, {"model": "admin.logentry", "pk": 136, "fields": {"action_time": "2022-08-18T14:41:31.176Z", "user": 2, "content_type": 19, "object_id": "10", "object_repr": "rachel raffle entry", "action_flag": 3, "change_message": ""}}, {"model": "admin.logentry", "pk": 137, "fields": {"action_time": "2022-08-18T14:41:31.178Z", "user": 2, "content_type": 19, "object_id": "9", "object_repr": "superuser raffle entry", "action_flag": 3, "change_message": ""}}, {"model": "admin.logentry", "pk": 138, "fields": {"action_time": "2022-08-18T20:11:43.340Z", "user": 2, "content_type": 19, "object_id": "12", "object_repr": "None raffle entry", "action_flag": 3, "change_message": ""}}, {"model": "admin.logentry", "pk": 139, "fields": {"action_time": "2022-08-19T18:18:08.836Z", "user": 2, "content_type": 19, "object_id": "14", "object_repr": "superuser raffle entry", "action_flag": 3, "change_message": ""}}, {"model": "admin.logentry", "pk": 140, "fields": {"action_time": "2022-08-19T18:18:08.839Z", "user": 2, "content_type": 19, "object_id": "13", "object_repr": "rachel raffle entry", "action_flag": 3, "change_message": ""}}, {"model": "admin.logentry", "pk": 141, "fields": {"action_time": "2022-08-20T13:02:17.089Z", "user": 2, "content_type": 19, "object_id": "15", "object_repr": "superuser raffle entry", "action_flag": 3, "change_message": ""}}, {"model": "admin.logentry", "pk": 142, "fields": {"action_time": "2022-08-20T13:09:11.921Z", "user": 2, "content_type": 19, "object_id": "16", "object_repr": "superuser raffle entry", "action_flag": 3, "change_message": ""}}, {"model": "admin.logentry", "pk": 143, "fields": {"action_time": "2022-08-20T16:45:46.857Z", "user": 2, "content_type": 20, "object_id": "3", "object_repr": "Prize object (3)", "action_flag": 3, "change_message": ""}}, {"model": "admin.logentry", "pk": 144, "fields": {"action_time": "2022-08-20T16:45:46.860Z", "user": 2, "content_type": 20, "object_id": "2", "object_repr": "Prize object (2)", "action_flag": 3, "change_message": ""}}, {"model": "admin.logentry", "pk": 145, "fields": {"action_time": "2022-08-20T16:45:46.861Z", "user": 2, "content_type": 20, "object_id": "1", "object_repr": "Prize object (1)", "action_flag": 3, "change_message": ""}}, {"model": "admin.logentry", "pk": 146, "fields": {"action_time": "2022-08-20T16:45:54.342Z", "user": 2, "content_type": 19, "object_id": "17", "object_repr": "superuser's raffle entry", "action_flag": 3, "change_message": ""}}, {"model": "auth.user", "pk": 2, "fields": {"password": "pbkdf2_sha256$260000$MJDhrcanvXsV6BEyCG6oE4$JYHuHXNe1DSa7G1Knpw4GbsmvJ8iukTgauCQ24QERf0=", "last_login": "2022-08-18T20:10:16.016Z", "is_superuser": true, "username": "superuser", "first_name": "", "last_name": "", "email": "email@emailaddress.com", "is_staff": true, "is_active": true, "date_joined": "2022-08-10T20:37:03.164Z", "groups": [], "user_permissions": []}}, {"model": "auth.user", "pk": 3, "fields": {"password": "pbkdf2_sha256$260000$y1O4Mwg5bcCRb7PBmRKX0m$+AFrPo2WDOPpa2fMsgE9iyXj30CrunPCHW/L/5hanUY=", "last_login": "2022-08-10T21:40:37.133Z", "is_superuser": false, "username": "BIGMAN", "first_name": "", "last_name": "", "email": "bigman@mup.com", "is_staff": false, "is_active": true, "date_joined": "2022-08-10T20:48:06.423Z", "groups": [], "user_permissions": []}}, {"model": "auth.user", "pk": 4, "fields": {"password": "pbkdf2_sha256$260000$eWHspvkzisAXddSk8tvLUu$OvyYFJ7s01OSczpj0GqprofLHt/AOnl1dbLlecIQvjA=", "last_login": "2022-08-10T23:13:36.538Z", "is_superuser": false, "username": "newman", "first_name": "", "last_name": "", "email": "new@email.com", "is_staff": false, "is_active": true, "date_joined": "2022-08-10T23:13:36.460Z", "groups": [], "user_permissions": []}}, {"model": "auth.user", "pk": 5, "fields": {"password": "pbkdf2_sha256$260000$NRpyfw2cey7xaJKLHNnftf$exSf2Xi76WesPfJwXLByMWUFrTzXXLS9MGNTL68t2dU=", "last_login": "2022-08-18T19:36:01.930Z", "is_superuser": false, "username": "rachel", "first_name": "", "last_name": "", "email": "rachel@email.com", "is_staff": false, "is_active": true, "date_joined": "2022-08-16T20:13:35.633Z", "groups": [], "user_permissions": []}}, {"model": "sessions.session", "pk": "7g6qhhqtr8ztilrzipltqfn6pzve6va9", "fields": {"session_data": "eyJiYWciOnsiMSI6eyJpdGVtc19ieV9zaXplIjp7Im0iOjJ9fX19:1oLWtC:Q9rxh7rnJBa1hfqU5DmURQuf0RQKkOhy_e8wr6Mxz7o", "expire_date": "2022-08-23T21:35:50.113Z"}}, {"model": "sessions.session", "pk": "ddf0w7kqy3xa5qzva1qajwg3lafkgv65", "fields": {"session_data": ".eJxVjDsOgzAQBe-ydWT5hz-U6TkDsr1rTBKBhKFC3D0gUSTtm3mzQx-2tfRbpaUfEVoQ8PjdYkhvmi6ArzANM0vztC5jZJfCblpZNyN9nrf7FyihlvPdEBp0OuaE3HrlbdY5Nmhd4knKjIYLjJo7UsQbYYQhr52SRvusguHqjMYwQLuDhFYcxxcTMjss:1oLlkp:H5LV-9Etm0sqXchz4MJ-6dk8r_UM94NLAWBrTY1nwVQ", "expire_date": "2022-08-24T13:28:11.951Z"}}, {"model": "sessions.session", "pk": "dodwngr8pmd6q6kunxr4ca4gpte5ootd", "fields": {"session_data": ".eJxVjjkOgzAURO_iGllevhco0-cM1veGSSKQMFSIuwdLFEkzxcyb0RzE4b4Vt9e0uimSgQjS_XoewzvNLYgvnMeFhmXe1snThtA7rfS5xPR53OzfQMFaWltYxQP6DJbLEIwCCV5oYH2KljOZLRNJGyUU9Aw0t4AgTFZB8my9aqMeRzIc18GBdwQuPc8vM9I7bg:1oPXkB:VkwQoavt9zG4nhmY3dp7bXONTc-icjs9OTfy_XABq5I", "expire_date": "2022-09-03T23:19:07.779Z"}}, {"model": "sessions.session", "pk": "fdkp8tbovthjcoyc5l9vnulphjvxpwam", "fields": {"session_data": ".eJxVjDkOgzAQRe8ydWR5XyjTcwZke8aYJAKJpULcPSDR0L73_t8hxR6aHQQ06nhBF7e1dttCczcgNCd-sBTzl8ZL4CeO_cTyNK7zkNiVsNsurJ2Qfu-7fRzUuNRzbQgtep1KRu6CCq7okgw6n3mWsqDlApPmnhRxI6ywFLRX0upQVLRcwfEHhvM7LQ:1oLVUO:HFpYLQLaQk3o106cxl7S9LJ4ICsjYE9cgHvx-dchjwo", "expire_date": "2022-08-23T20:06:08.509Z"}}, {"model": "sessions.session", "pk": "iguaf0z84bvotnt1ua9ovgpfhh4urg2s", "fields": {"session_data": ".eJyrVkpKTFeyqlYyBBGZJam5xfFJlfHFmVWpIIFcJSuj2lodJSMlKxMdJWNcagxrgQAAhdAYNg:1oLYZU:4-PqoPijIOCPWsbqWIS-6V_n0zkMWWzN2dmhyjcnGac", "expire_date": "2022-08-23T23:23:36.131Z"}}, {"model": "sessions.session", "pk": "jw31ico3ux0p7nssmqzl6o12fdtjfhbf", "fields": {"session_data": "eyJiYWciOnsiMSI6MX19:1oLVVt:AXhzLxF6odu5Lbrz_evd-gusfs7i2Metu856WOrF6LY", "expire_date": "2022-08-23T20:07:41.878Z"}}, {"model": "sessions.session", "pk": "ljcpogarjgfjgftfnbcb7dtedccl6o4v", "fields": {"session_data": ".eJxVjrkOgzAQRP9la2T5wleZPt-AbO8ak0QgcVSIfw9IFEk7b-ZpdujittZuW2juBoQAAprfLMX8pvEC-IpjP7E8jes8JHZV2E0X9pyQPo-7-yeocannuiU06HQqGbn1ytuiS2rRusyzlAUNF5g0d6SIt8IIQ147JY32RUXD1SlNsYewnweDbEBBEA1ICPo4vt9GPUo:1oLV1T:58n5y6H2k-FxKOq9pCvAdLlFOpV94hv-LgdvHUxSyCc", "expire_date": "2022-08-23T19:36:15.803Z"}}, {"model": "sessions.session", "pk": "p6awq7wbi78yunz08o88s6gbv1l4z2o4", "fields": {"session_data": "eyJiYWciOnsiMSI6eyJpdGVtc19ieV9zaXplIjp7Im0iOjF9fX19:1oLWlE:ha2bjVOT1xhbMBwIk5Xqmdg9tgHxEdON3Gf8dMb-V14", "expire_date": "2022-08-23T21:27:36.869Z"}}, {"model": "sessions.session", "pk": "x91voqm66url9bp2bhdsrvrd468f6xit", "fields": {"session_data": "eyJiYWciOnsiMiI6MSwiMyI6eyJpdGVtc19ieV9zaXplIjp7Im0iOjF9fX19:1oLoTz:EPwMDEQ5e73gFpublzipDICwyZ7BOWDcvke8ZWUaqKc", "expire_date": "2022-08-24T16:22:59.710Z"}}, {"model": "sessions.session", "pk": "xggbokucczb9tcxnqklwjttvacf24b5t", "fields": {"session_data": "eyJiYWciOnsiMSI6eyJpdGVtc19ieV9zaXplIjp7Im0iOjJ9fX19:1oLY3t:vxcN9NnHuG3evfWO69t9Cl55PBaREwJkahRJrrXyDGA", "expire_date": "2022-08-23T22:50:57.824Z"}}, {"model": "sites.site", "pk": 1, "fields": {"domain": "ZooTees.com", "name": "ZooTees"}}, {"model": "account.emailaddress", "pk": 2, "fields": {"user": 3, "email": "bigman@mup.com", "verified": true, "primary": true}}, {"model": "account.emailaddress", "pk": 3, "fields": {"user": 4, "email": "new@email.com", "verified": false, "primary": true}}, {"model": "account.emailaddress", "pk": 4, "fields": {"user": 5, "email": "rachel@email.com", "verified": false, "primary": true}}, {"model": "products.collection", "pk": 1, "fields": {"name": "Capybara", "description": "Capybara (Hydrochoerus hydrochaeris) is a semi-aquatic rodent of South America. It weighs about a hundred pounds, and is about two feet tall at the shoulder. The capybara is the world's largest rodent.\r\n\r\nCapybaras are closely related to guinea pigs and to chinchillas. When they are full-grown, they weigh about 55 kg, or 100 pounds. The capybara's stocky body is about a meter, or 3 feet, long, and its shoulder is about 60 centimeters, or about two feet, high off the ground. Females are usually bigger and heavier than males. Capybaras have brown or reddish-brown fur. When they are old their fur is thin, their skin can get sunburned easily. Their eyes and ears and nostrils are high on their heads, so they can easily be kept above water when the capybara is swimming.", "image": "capybara-collection-image.webp"}}, {"model": "products.collection", "pk": 2, "fields": {"name": "Goldfish", "description": "Goldfish (Carassius auratus) are a species of domesticated fish. Goldfish are in the carp family. They were domesticated in China during the Tang Dynasty. Goldfish can reach up to 59 cm in size, and 3 kg in weight. However, most goldfish grow to only half that size. Goldfish can live for up to 30 years. Goldfish live best in temperatures between 10 degrees Celsius and 30 degrees Celsius.\r\nIt was once thought that goldfish have short memories, but scientists have proven that this is not true. In experiments, a goldfish was trained to kick a small ball under water. Another goldfish learned to swim through a maze.\r\nThere are many kinds of goldfish. The most common kind is golden-colored, but goldfish come in many different shapes and sizes. Many gold fish have fancy tails. Another common kind is called a black moor, which is black colored. Wild goldfish are called prussian carp and are silver-green in colour.", "image": "fish-collection-img.webp"}}, {"model": "products.collection", "pk": 3, "fields": {"name": "Meerkat", "description": "A meerkat (Suricata suricatta) is a small mammal that lives in the Kalahari Desert in southern Africa. Despite its common name, it is more closely related to the mongoose family than to cats. A group of meerkats is called a \"mob\" or \"gang\", and usually all of the meerkats are relatives.\r\nMeerkats live in burrows in the ground. They are active during the day, except when hot during the afternoon sun. They also live in large family groups. The group is led by a female and a male. The meerkats are often all family. They get rid of fleas in each other's fur to become friends, which is called \"grooming\". Sometimes if a minor member is in trouble with the leader it will groom the leader to try and calm them down.", "image": "meerkat-collection-img.webp"}}, {"model": "products.collection", "pk": 4, "fields": {"name": "Panda", "description": "The giant panda (Ailuropoda melanoleuca) is a bear. It lives in south central China.\r\n\r\nAlthough it belongs to the order Carnivora, the panda's diet is 99% bamboo. Pandas in the wild occasionally eat other grasses, wild tubers, or even meat in the form of birds, rodents or carrion. In captivity, they may get honey, eggs, fish, yams, shrub leaves, oranges, or bananas along with specially prepared food.\r\nThe giant panda lives in a few mountain ranges in central China, mainly in Sichuan province, but also in the Shaanxi and Gansu provinces. As a result of farming, deforestation and other development, the panda has been driven out of the lowland areas where it once lived.", "image": "Panda-collections-img.webp"}}, {"model": "products.collection", "pk": 5, "fields": {"name": "Turtle", "description": "Turtles are a type of reptile with hard shells on their back. There are two types of turtles, the side-necked turtles and the hidden neck turtles. Side-necked turtles have very easy to see necks, but hidden neck turtles have very small necks.\r\nThe order Testudines (which includes turtles) includes both living and extinct species. The earliest fossil of a turtle was found in China from the early Upper Triassic age. The fossil was from about 220 million years ago. Turtles are one of the oldest reptile groups that are not extinct. Turtles have been on earth for longer than lizards, snakes and crocodiles.\r\nTurtles are definitely related to dinosaurs. Turtles come from ancient turtles, which had spiked shells.\r\nTurtles are almost everywhere in the world. A lot of the turtle species alive today are endangered.", "image": "turtle-collection-img.webp"}}, {"model": "products.product", "pk": 1, "fields": {"collection": 1, "sku": "capybara-active-tshirt", "name": "Capybara Active tshirt", "description": "Our active tshirt designed to stay cool and comfy while you on the move featuring art from our Capybara collection.", "has_sizes": true, "price": "50.00", "image": "capybara-active-tshirt.jpg"}}, {"model": "products.product", "pk": 2, "fields": {"collection": 1, "sku": "capybara-bucket-hat", "name": "Capybara Bucket Hat", "description": "Stay chilling in the shade with our bucket hat featuring our Capybara collection.", "has_sizes": false, "price": "25.00", "image": "capybara-bucket-hat.jpg"}}, {"model": "products.product", "pk": 3, "fields": {"collection": 1, "sku": "capybara-classic-tshirt", "name": "Capybara Classic tshirt", "description": "This one is a classic. stay fresh in our regular fit tshirts featuring your favourite Capybara.", "has_sizes": true, "price": "50.00", "image": "capybara-classic-tshirt.jpg"}}, {"model": "products.product", "pk": 4, "fields": {"collection": 1, "sku": "capybara-dad-hat", "name": "Capybara Dad Hat", "description": "Keep shaded in style with our dad hat. featuring our Capybara collection.", "has_sizes": false, "price": "25.00", "image": "capybara-dad-hat.jpg"}}, {"model": "products.product", "pk": 5, "fields": {"collection": 1, "sku": "capybara-lightweight-hoodie", "name": "Capybara Lightweight Hoodie", "description": "Hibernate in style with our lightweight hoodie. featuring Capybara.", "has_sizes": true, "price": "75.00", "image": "capybara-lightweight-hoodie.jpg"}}, {"model": "products.product", "pk": 6, "fields": {"collection": 1, "sku": "capybara-magnet", "name": "Capybara Magnet", "description": "Mark your territory with your favorite Capybara.", "has_sizes": false, "price": "10.00", "image": "capybara-magnet.jpg"}}, {"model": "products.product", "pk": 7, "fields": {"collection": 1, "sku": "capybara-pet-bandana", "name": "Capybara Pet Bandana", "description": "Style your pet with a a bandana featuring your favourite Capybara.", "has_sizes": false, "price": "20.00", "image": "capybara-pet-bandana.jpg"}}, {"model": "products.product", "pk": 8, "fields": {"collection": 1, "sku": "capybara-pet-blanket", "name": "Capybara Pet Blanket", "description": "Keep your pet wrapped up and warm with a blanket styled with our Capybara collection.", "has_sizes": false, "price": "20.00", "image": "capybara-pet-blanket.jpg"}}, {"model": "products.product", "pk": 9, "fields": {"collection": 1, "sku": "capybara-spiralled-notebook", "name": "Capybara Spiralled Notebook", "description": "Keep your notes organized and safeguarded by your own Capybara with our notebook.", "has_sizes": false, "price": "15.00", "image": "capybara-spiralled-notebook.jpg"}}, {"model": "products.product", "pk": 10, "fields": {"collection": 1, "sku": "capybara-sticker", "name": "Capybara Sticker", "description": "Mark your territory with your favorite Capybara sticker.", "has_sizes": false, "price": "10.00", "image": "capybara-sticker.jpg"}}, {"model": "products.product", "pk": 11, "fields": {"collection": 2, "sku": "fish-classic-tshirt", "name": "Fish Classic tshirt", "description": "This one is a classic. stay fresh in our regular fit tshirts featuring your favourite Fish.", "has_sizes": true, "price": "50.00", "image": "fish-classic-tshirt.jpg"}}, {"model": "products.product", "pk": 12, "fields": {"collection": 2, "sku": "fish-bucket-hat", "name": "Fish Bucket Hat", "description": "This one is a classic. stay fresh in our regular fit tshirts featuring your favourite Fish.", "has_sizes": false, "price": "50.00", "image": "fish-bucket-hat.jpg"}}, {"model": "products.product", "pk": 13, "fields": {"collection": 2, "sku": "fish-active-tshirt", "name": "Fish Active tshirt", "description": "Our active tshirt designed to stay cool and comfy while you on the move featuring art from our Fish collection.", "has_sizes": true, "price": "50.00", "image": "fish-active-tshirt.jpg"}}, {"model": "products.product", "pk": 14, "fields": {"collection": 2, "sku": "fish-dad-hat", "name": "Fish Dad Hat", "description": "Keep shaded in style with our dad hat. featuring our Fish collection.", "has_sizes": false, "price": "25.00", "image": "fish-dad-cap.jpg"}}, {"model": "products.product", "pk": 15, "fields": {"collection": 2, "sku": "fish-lightweight-hoodie", "name": "Fish Lightweight Hoodie", "description": "Hibernate in style with our lightweight hoodie. featuring Fish.", "has_sizes": true, "price": "75.00", "image": "fish-lightweight-hoodie.jpg"}}, {"model": "products.product", "pk": 16, "fields": {"collection": 2, "sku": "fish-magnet", "name": "Fish Magnet", "description": "Mark your territory with your favorite Fish magnet.", "has_sizes": false, "price": "10.00", "image": "fish-magnet.jpg"}}, {"model": "products.product", "pk": 17, "fields": {"collection": 2, "sku": "fish-pet-bandana", "name": "Fish Pet Bandana", "description": "Style your pet with a a bandana featuring your favourite Fish.", "has_sizes": false, "price": "20.00", "image": "fish-pet-bandana.jpg"}}, {"model": "products.product", "pk": 18, "fields": {"collection": 2, "sku": "fish-spiralled-notebook", "name": "Fish Spiralled Notebook", "description": "Keep your notes organized and safeguarded by your own Fish with our notebook.", "has_sizes": false, "price": "15.00", "image": "fish-spiralled-notebook.jpg"}}, {"model": "products.product", "pk": 19, "fields": {"collection": 2, "sku": "fish-sticker", "name": "Fish Sticker", "description": "Mark your territory with your favorite Fish sticker.", "has_sizes": false, "price": "10.00", "image": "fish-sticker.jpg"}}, {"model": "products.product", "pk": 20, "fields": {"collection": 2, "sku": "fish-tote", "name": "Fish Tote", "description": "Store your hibernation stash in our tote bag, branded with Fish.", "has_sizes": false, "price": "40.00", "image": "fish-tote.jpg"}}, {"model": "products.product", "pk": 21, "fields": {"collection": 1, "sku": "capybara-tote", "name": "Capybara Tote", "description": "Store your hibernation stash in our tote bag, branded with our Capybara.", "has_sizes": false, "price": "40.00", "image": "capybara-tote.jpg"}}, {"model": "products.product", "pk": 22, "fields": {"collection": 2, "sku": "fish-pet-blanket", "name": "Fish Pet Blanket", "description": "Keep your pet wrapped up and warm with a blanket styled with our Fish collection.", "has_sizes": false, "price": "20.00", "image": "fish-pet-blanket.jpg"}}, {"model": "products.product", "pk": 23, "fields": {"collection": 3, "sku": "meerkat-active-tshirt", "name": "Meerkat Active tshirt", "description": "Our active tshirt designed to stay cool and comfy while you on the move featuring art from our Meerkat collection.", "has_sizes": true, "price": "50.00", "image": "meerkat_active_tshirt.jpg"}}, {"model": "products.product", "pk": 24, "fields": {"collection": 3, "sku": "meerkat-bucket-hat", "name": "Meerkat Bucket Hat", "description": "Stay chilling in the shade with our bucket hat featuring our Meerkat collection.", "has_sizes": false, "price": "25.00", "image": "meerkat_bucket_hat.jpg"}}, {"model": "products.product", "pk": 25, "fields": {"collection": 2, "sku": "meerkat-classic-tshirt", "name": "Meerkat Classic tshirt", "description": "This one is a classic. stay fresh in our regular fit tshirts featuring your favourite Fish.", "has_sizes": true, "price": "50.00", "image": "meerkat_classic_tshirt.jpg"}}, {"model": "products.product", "pk": 26, "fields": {"collection": 3, "sku": "meerkat-tote-bag", "name": "Meerkat Tote Bag", "description": "Store your hibernation stash in our tote bag, branded with our 40.", "has_sizes": false, "price": "40.00", "image": "meerkat_cotton_tote_bag.jpg"}}, {"model": "products.product", "pk": 27, "fields": {"collection": 3, "sku": "meerkat-dad-hat", "name": "Meerkat Dad Hat", "description": "Keep shaded in style with our dad hat. featuring our Meerkat collection.", "has_sizes": false, "price": "25.00", "image": "meerkat_dad_hat.jpg"}}, {"model": "products.product", "pk": 28, "fields": {"collection": 3, "sku": "meerkat-lightweight-hoodie", "name": "Meerkat Lightweight Hoodie", "description": "Hibernate in style with our lightweight hoodie. featuring our Meerkat.", "has_sizes": true, "price": "75.00", "image": "meerkat_lightweight_hoodie.jpg"}}, {"model": "products.product", "pk": 29, "fields": {"collection": 3, "sku": "meerkat-magnet", "name": "Meerkat Magnet", "description": "Mark your territory with your favorite Meerkat magnet.", "has_sizes": false, "price": "10.00", "image": "meerkat_magnet.jpg"}}, {"model": "products.product", "pk": 30, "fields": {"collection": 3, "sku": "meerkat-pet-bandana", "name": "Meerkat Pet Bandana", "description": "Style your pet with a a bandana featuring your favourite Meerkat.", "has_sizes": false, "price": "20.00", "image": "meerkat_pet_bandana.jpg"}}, {"model": "products.product", "pk": 31, "fields": {"collection": 3, "sku": "meerkat-pet-blanket", "name": "Meerkat Pet Blanket", "description": "Keep your pet wrapped up and warm with a blanket styled with our Meerkat collection.", "has_sizes": false, "price": "20.00", "image": "meerkat_pet_blanket.jpg"}}, {"model": "products.product", "pk": 32, "fields": {"collection": 3, "sku": "meerkat-spiral-notebook", "name": "Meerkat Spiral Notebook", "description": "Keep your notes organized and safeguarded by your own Meerkat with our notebook.", "has_sizes": false, "price": "15.00", "image": "meerkat_spiral_notebook.jpg"}}, {"model": "products.product", "pk": 33, "fields": {"collection": 3, "sku": "meerkat-sticker", "name": "Meerkat Sticker", "description": "Mark your territory with your favorite Meerkat sticker.", "has_sizes": false, "price": "10.00", "image": "meerkat-sticker.jpg"}}, {"model": "products.product", "pk": 34, "fields": {"collection": 4, "sku": "panda-active-tshirt", "name": "Panda Active tshirt", "description": "Our active tshirt designed to stay cool and comfy while you on the move featuring art from our Panda collection.", "has_sizes": true, "price": "50.00", "image": "panda-active-t-shirt.jpg"}}, {"model": "products.product", "pk": 35, "fields": {"collection": 4, "sku": "panda-bucket-hat", "name": "Panda bucket Hat", "description": "Stay chilling in the shade with our bucket hat featuring our Panda collection.", "has_sizes": false, "price": "25.00", "image": "panda-bucket-hat1.jpg"}}, {"model": "products.product", "pk": 36, "fields": {"collection": 4, "sku": "panda-classic-tshirt", "name": "Panda Classic tshirt", "description": "This one is a classic. stay fresh in our regular fit tshirts featuring your favourite Panda.", "has_sizes": true, "price": "50.00", "image": "panda-classic-t-shirt.jpg"}}, {"model": "products.product", "pk": 37, "fields": {"collection": 4, "sku": "panda-tote-bag", "name": "Panda Tote Bag", "description": "Store your hibernation stash in our tote bag, branded with our Panda.", "has_sizes": false, "price": "40.00", "image": "panda-cotton-tote-bag.jpg"}}, {"model": "products.product", "pk": 38, "fields": {"collection": 4, "sku": "panda-dad-hat", "name": "Panda Dad Hat", "description": "Keep shaded in style with our dad hat. featuring our Panda collection.", "has_sizes": false, "price": "25.00", "image": "panda-dad-hat.jpg"}}, {"model": "products.product", "pk": 39, "fields": {"collection": 4, "sku": "panda-lightweight-hoodie", "name": "Panda Lightweight Hoodie", "description": "Hibernate in style with our lightweight hoodie. featuring our Panda.", "has_sizes": true, "price": "75.00", "image": "panda-lightweight-hoodie.jpg"}}, {"model": "products.product", "pk": 40, "fields": {"collection": 4, "sku": "panda-magnet", "name": "Panda Magnet", "description": "Mark your territory with your favorite Panda magnet.", "has_sizes": false, "price": "10.00", "image": "panda-magnet.jpg"}}, {"model": "products.product", "pk": 41, "fields": {"collection": 4, "sku": "panda-pet-bandana", "name": "Panda Pet Bandana", "description": "Style your pet with a a bandana featuring your favourite Panda.", "has_sizes": false, "price": "20.00", "image": "panda_pet_bandana.jpg"}}, {"model": "products.product", "pk": 42, "fields": {"collection": 4, "sku": "panda-pet-blanket", "name": "Panda Pet Blanket", "description": "Keep your pet wrapped up and warm with a blanket styled with our Panda collection.", "has_sizes": false, "price": "20.00", "image": "panda-pet-blanket.jpg"}}, {"model": "products.product", "pk": 43, "fields": {"collection": 4, "sku": "panda-spiral-notebook", "name": "Panda Spiral Notebook", "description": "Keep your notes organized and safeguarded by your own Panda with our notebook.", "has_sizes": false, "price": "15.00", "image": "panda-spiral-notebook.jpg"}}, {"model": "products.product", "pk": 44, "fields": {"collection": 4, "sku": "panda-sticker", "name": "Panda Sticker", "description": "Mark your territory with your favorite Panda sticker.", "has_sizes": false, "price": "10.00", "image": "panda-sticker.jpg"}}, {"model": "products.product", "pk": 45, "fields": {"collection": 5, "sku": "turtle-classic-tshirt", "name": "Turtle Classic tshirt", "description": "This one is a classic. stay fresh in our regular fit tshirts featuring your favourite Turtle.", "has_sizes": true, "price": "50.00", "image": "turtle-classic-tshirt.jpg"}}, {"model": "products.product", "pk": 46, "fields": {"collection": 5, "sku": "turtle-active-tshirt", "name": "Turtle Active tshirt", "description": "Our active tshirt designed to stay cool and comfy while you on the move featuring art from our Turtle collection.", "has_sizes": true, "price": "50.00", "image": "turtle-active-t-shirt.jpg"}}, {"model": "products.product", "pk": 47, "fields": {"collection": 5, "sku": "turtle-bucket-hat", "name": "Turtle Bucket Hat", "description": "Stay chilling in the shade with our bucket hat featuring our Turtle collection.", "has_sizes": false, "price": "25.00", "image": "turtle-bucket-hat.jpg"}}, {"model": "products.product", "pk": 48, "fields": {"collection": 5, "sku": "turtle-tote-bag", "name": "Turtle Tote Bag", "description": "Store your hibernation stash in our tote bag, branded with our Turtle.", "has_sizes": false, "price": "40.00", "image": "turtle-cotton-tote-bag.jpg"}}, {"model": "products.product", "pk": 49, "fields": {"collection": 5, "sku": "turtle-dad-hat", "name": "Turtle Dad Hat", "description": "Keep shaded in style with our dad hat. featuring our Turtle collection.", "has_sizes": false, "price": "25.00", "image": "turtle-dad-hat.jpg"}}, {"model": "products.product", "pk": 50, "fields": {"collection": 5, "sku": "turtle-lightweight-hoodie", "name": "Turtle Lightweight Hoodie", "description": "Hibernate in style with our lightweight hoodie. featuring our Turtle.", "has_sizes": true, "price": "75.00", "image": "turtle-lightweight-hoodie.jpg"}}, {"model": "products.product", "pk": 51, "fields": {"collection": 5, "sku": "turtle-magnet", "name": "Turtle Magnet", "description": "Mark your territory with your favorite Turtle magnet.", "has_sizes": false, "price": "10.00", "image": "turtle-magnet.jpg"}}, {"model": "products.product", "pk": 52, "fields": {"collection": 5, "sku": "turtle-pet-bandana", "name": "Turtle Pet Bandana", "description": "Style your pet with a a bandana featuring your favourite Turtle.", "has_sizes": false, "price": "20.00", "image": "turtle-pet-bandana.jpg"}}, {"model": "products.product", "pk": 53, "fields": {"collection": 5, "sku": "turtle-pet-blanket", "name": "Turtle Pet Blanket", "description": "Keep your pet wrapped up and warm with a blanket styled with our Turtle collection.", "has_sizes": false, "price": "20.00", "image": "turtle-pet-blanket.jpg"}}, {"model": "products.product", "pk": 54, "fields": {"collection": 5, "sku": "turtle-spiral-notebook", "name": "Turtle Spiral Notebook", "description": "Keep your notes organized and safeguarded by your own Turtle with our notebook.", "has_sizes": false, "price": "15.00", "image": "turtle-spiral-notebook.jpg"}}, {"model": "products.product", "pk": 55, "fields": {"collection": 5, "sku": "turtle-sticker", "name": "Turtle Sticker", "description": "Mark your territory with your favorite Turtle sticker.", "has_sizes": false, "price": "10.00", "image": "turtle-sticker.jpg"}}, {"model": "checkout.order", "pk": 1, "fields": {"order_number": "9C0E46E3FD6B4DAFAF5C45882871B2B7", "user_profile": null, "full_name": "test", "email": "test@email.com", "phone_number": "0838617450", "country": "Ireland", "postcode": "askflja", "town_or_city": "Dunshaughlin", "street_address1": "8 the Rise", "street_address2": null, "county": "meath", "date": "2022-08-10T18:39:15.489Z", "delivery_cost": "10.00", "order_total": "25.00", "grand_total": "35.00"}}, {"model": "checkout.order", "pk": 2, "fields": {"order_number": "AE23EBE62E19424DBBAD5736A41F8005", "user_profile": null, "full_name": "Cormac Hogan", "email": "ch1172021@protonmail.com", "phone_number": "0838617450", "country": "Ireland", "postcode": "A85 NT29", "town_or_city": "Dunshaughliln", "street_address1": "8 The Rise", "street_address2": null, "county": "Meath", "date": "2022-08-10T18:51:43.291Z", "delivery_cost": "10.00", "order_total": "50.00", "grand_total": "60.00"}}, {"model": "checkout.order", "pk": 3, "fields": {"order_number": "D9E2EB98521542D8A9426414C044D456", "user_profile": 2, "full_name": "Big Man", "email": "bigman@mup.com", "phone_number": "69696969696969", "country": "IE", "postcode": "A85 NT29", "town_or_city": "DunshBigMan", "street_address1": "8 The Big Man", "street_address2": null, "county": "BigCounty", "date": "2022-08-10T22:09:01.474Z", "delivery_cost": "10.00", "order_total": "50.00", "grand_total": "60.00"}}, {"model": "checkout.orderlineitem", "pk": 1, "fields": {"order": 1, "product": 2, "product_size": null, "quantity": 1, "lineitem_total": "25.00"}}, {"model": "checkout.orderlineitem", "pk": 2, "fields": {"order": 2, "product": 1, "product_size": "m", "quantity": 1, "lineitem_total": "50.00"}}, {"model": "checkout.orderlineitem", "pk": 3, "fields": {"order": 3, "product": 1, "product_size": "m", "quantity": 1, "lineitem_total": "50.00"}}, {"model": "profiles.userprofile", "pk": 1, "fields": {"user": 2, "default_phone_number": null, "default_street_address1": null, "default_street_address2": null, "default_town_or_city": null, "default_county": null, "default_postcode": null, "default_country": null}}, {"model": "profiles.userprofile", "pk": 2, "fields": {"user": 3, "default_phone_number": "69696969696969", "default_street_address1": "8 The Big Man", "default_street_address2": null, "default_town_or_city": "DunshBigMan", "default_county": "BigCounty", "default_postcode": "A85 NT29", "default_country": "IE"}}, {"model": "profiles.userprofile", "pk": 3, "fields": {"user": 4, "default_phone_number": null, "default_street_address1": null, "default_street_address2": null, "default_town_or_city": null, "default_county": null, "default_postcode": null, "default_country": null}}, {"model": "profiles.userprofile", "pk": 4, "fields": {"user": 5, "default_phone_number": null, "default_street_address1": null, "default_street_address2": null, "default_town_or_city": null, "default_county": null, "default_postcode": null, "default_country": null}}, {"model": "raffle.userentry", "pk": 18, "fields": {"user_profile": 1, "collection": 1, "description": "capyflappies are my jam"}}, {"model": "raffle.prize", "pk": 4, "fields": {"raffle_entry": 18, "coupon_code": "F4CD24A69DAC448F8A129A3CFC0BA3EB"}}]